threshold,error_rate,false_pos,false_neg,total_above,total_below
0,0.10501909202961635,12172,12,103837,12180
1,0.2633924338674505,5219,25339,32613,83404
2,0.2173991742589448,2700,22522,25071,90946
3,0.17943922011429358,1127,19691,20502,95515
4,0.15582199160467863,589,17489,17820,98197
